{
  "inputs": [
    "z_sq",
    "x_norm",
    "difficulty",
    "maxMarks_norm"
  ],
  "output": "percentile (0-1)",
  "avg_N": 439.1675102863945,
  "maxMarks_ref": 300,
  "normalization": {
    "feat_mean": [
      0.43107640743255615,
      0.5928272008895874,
      0.40376368165016174,
      0.9140511155128479
    ],
    "feat_std": [
      0.29644089937210083,
      0.3245139420032501,
      0.09133843332529068,
      0.1604665070772171
    ]
  },
  "stat_constants": {
    "slope_tgn": -0.8904075242581693,
    "intercept_tgn": 0.8831975731541453,
    "slope_k": -8.453654594048434,
    "intercept_k": 6.1508985191582495
  }
}